strategy,month,wealth,global_continuous_action_gap,best_fraction,saved_fraction
PCMV,0,5.0,0.0,1.0,1.0
PCMV,0,15.0,0.00024135472108355316,0.6306821417295914,0.625
PCMV,0,30.0,0.0,0.0,0.0
PCMV,0,50.0,0.0,0.0,0.0
PCMV,0,75.0,0.0,0.0,0.0
PCMV,0,100.0,0.0,0.0,0.0
PCMV,0,150.0,0.0,1.0,1.0
PCMV,0,250.0,0.0,1.0,1.0
PCMV,0,400.0,0.0,1.0,1.0
PCMV,0,550.0,0.0,1.0,1.0
PCMV,60,5.0,0.0,1.0,1.0
PCMV,60,15.0,6.211436138414683e-05,0.8961632440789049,0.890625
PCMV,60,30.0,7.253382426242183e-06,0.12613642834592054,0.125
PCMV,60,50.0,0.0,0.0,0.0
PCMV,60,75.0,0.0,0.0,0.0
PCMV,60,100.0,0.0,0.0,0.0
PCMV,60,150.0,0.0,0.0,0.0
PCMV,60,250.0,0.0,1.0,1.0
PCMV,60,400.0,0.0,1.0,1.0
PCMV,60,550.0,0.0,1.0,1.0
PCMV,120,5.0,0.0,1.0,1.0
PCMV,120,15.0,5.684341886080802e-14,1.0,1.0
PCMV,120,30.0,9.278465141449033e-05,0.3580513654172047,0.359375
PCMV,120,50.0,0.0,0.0,0.0
PCMV,120,75.0,0.0,0.0,0.0
PCMV,120,100.0,0.0,0.0,0.0
PCMV,120,150.0,0.0,0.0,0.0
PCMV,120,250.0,0.0,1.0,1.0
PCMV,120,400.0,0.0,1.0,1.0
PCMV,120,550.0,0.0,1.0,1.0
PCMV,240,5.0,4.547473508864641e-13,1.0,1.0
PCMV,240,15.0,0.0,1.0,1.0
PCMV,240,30.0,0.0013803783168668815,0.755426291198152,0.75
PCMV,240,50.0,0.0007836906513816189,0.17734405298784353,0.171875
PCMV,240,75.0,0.0,0.0,0.0
PCMV,240,100.0,0.0,0.0,0.0
PCMV,240,150.0,0.0,0.0,0.0
PCMV,240,250.0,0.0,1.0,1.0
PCMV,240,400.0,0.0,1.0,1.0
PCMV,240,550.0,0.0,1.0,1.0
PCMV,360,5.0,0.0,1.0,1.0
PCMV,360,15.0,9.094947017729282e-13,1.0,1.0
PCMV,360,30.0,4.547473508864641e-13,1.0,1.0
PCMV,360,50.0,0.00034432515951721143,0.5799190323115693,0.578125
PCMV,360,75.0,0.0007204521838612976,0.040288351740339894,0.046875
PCMV,360,100.0,0.0,0.0,0.0
PCMV,360,150.0,0.0,0.0,0.0
PCMV,360,250.0,7.275957614183426e-12,0.0,0.0
PCMV,360,400.0,0.0,1.0,1.0
PCMV,360,550.0,0.0,1.0,1.0
PCMV,420,5.0,9.094947017729282e-13,1.0,1.0
PCMV,420,15.0,9.094947017729282e-13,1.0,1.0
PCMV,420,30.0,0.0,1.0,1.0
PCMV,420,50.0,0.001237980638506997,0.8183439877801366,0.828125
PCMV,420,75.0,0.00014614210263630412,0.23387170111066055,0.234375
PCMV,420,100.0,0.0,0.0,0.0
PCMV,420,150.0,0.0,0.0,0.0
PCMV,420,250.0,7.275957614183426e-12,0.0,0.0
PCMV,420,400.0,0.0,1.0,1.0
PCMV,420,550.0,0.0,1.0,1.0
PCMV,468,5.0,0.0,1.0,1.0
PCMV,468,15.0,0.0,1.0,1.0
PCMV,468,30.0,0.0,1.0,1.0
PCMV,468,50.0,0.0,1.0,1.0
PCMV,468,75.0,0.0006559367873251176,0.39282167142303875,0.390625
PCMV,468,100.0,6.661338147750939e-16,0.0,0.0
PCMV,468,150.0,0.0,0.0,0.0
PCMV,468,250.0,3.637978807091713e-12,0.0,0.0
PCMV,468,400.0,2.9103830456733704e-11,0.0,0.0
PCMV,468,550.0,0.0,1.0,1.0
PCMV,479,5.0,0.0,1.0,1.0
PCMV,479,15.0,9.094947017729282e-13,1.0,1.0
PCMV,479,30.0,9.094947017729282e-13,1.0,1.0
PCMV,479,50.0,0.0,1.0,1.0
PCMV,479,75.0,0.0006775887815138049,0.43255916400113403,0.4375
PCMV,479,100.0,0.000108660591859433,0.012627439696200048,0.015625
PCMV,479,150.0,0.0,0.0,0.0
PCMV,479,250.0,3.637978807091713e-12,0.0,0.0
PCMV,479,400.0,0.0,0.0,0.0
PCMV,479,550.0,0.0,0.0,0.0
cTCMV,0,5.0,0.0,1.0,1.0
cTCMV,0,15.0,5.591903970980638e-07,0.6974757811884321,0.703125
cTCMV,0,30.0,4.8342114681076964e-05,0.3972356176266987,0.40625
cTCMV,0,50.0,2.7557248472476203e-05,0.2315638908439982,0.234375
cTCMV,0,75.0,7.630735240127251e-06,0.15439671595447002,0.15625
cTCMV,0,100.0,5.677141322735224e-05,0.120454274377348,0.125
cTCMV,0,150.0,0.000581602904560441,0.08594468313678275,0.078125
cTCMV,0,250.0,1.4729835015714343e-05,0.047436631765099754,0.046875
cTCMV,0,400.0,0.0,0.6590974502298848,0.03125
cTCMV,0,550.0,0.0,0.9894166305880383,1.0
cTCMV,60,5.0,0.0,1.0,1.0
cTCMV,60,15.0,5.797618996439269e-06,0.8114149345834435,0.8125
cTCMV,60,30.0,2.13349711657429e-05,0.4573950968624411,0.453125
cTCMV,60,50.0,7.646726658094849e-06,0.2818878379758591,0.28125
cTCMV,60,75.0,6.845684418976816e-05,0.18487458602342158,0.1875
cTCMV,60,100.0,0.0001542236192335622,0.13442001468505402,0.140625
cTCMV,60,150.0,0.0002475575314520029,0.08651183280022737,0.09375
cTCMV,60,250.0,0.00039963085527006115,0.05808622260251742,0.0625
cTCMV,60,400.0,0.0,0.42076853336287656,0.421875
cTCMV,60,550.0,0.0,0.0,0.0
cTCMV,120,5.0,0.0,1.0,1.0
cTCMV,120,15.0,1.3763804247446387e-06,0.8114149345834435,0.8125
cTCMV,120,30.0,5.955368308718789e-06,0.48760201405362635,0.484375
cTCMV,120,50.0,6.376225209692166e-05,0.2857837287001548,0.28125
cTCMV,120,75.0,2.868940623557137e-05,0.1941342085325653,0.1875
cTCMV,120,100.0,5.286988454145103e-05,0.15025739381091943,0.140625
cTCMV,120,150.0,4.3293351836837246e-07,0.09351625630083858,0.09375
cTCMV,120,250.0,0.00024442844733130187,0.059357879538529175,0.0625
cTCMV,120,400.0,0.0,0.0,0.015625
cTCMV,120,550.0,0.0,0.9668177526812625,0.8125
cTCMV,240,5.0,0.0,1.0,1.0
cTCMV,240,15.0,1.9259722911613153e-05,0.8961632440789049,0.890625
cTCMV,240,30.0,2.4691738360616e-05,0.5567388283076793,0.5625
cTCMV,240,50.0,4.3199393658710505e-05,0.34000356655631137,0.34375
cTCMV,240,75.0,4.4260699297637984e-05,0.22102114459419264,0.21875
cTCMV,240,100.0,0.00015171390572277232,0.1615299336131323,0.171875
cTCMV,240,150.0,1.6234111996027423e-05,0.10638057908927359,0.109375
cTCMV,240,250.0,0.00018335765230403922,0.06528972141845503,0.0625
cTCMV,240,400.0,0.0005685989465291641,0.05828542542349619,0.0625
cTCMV,240,550.0,0.0,0.0,0.0
cTCMV,360,5.0,0.0,1.0,1.0
cTCMV,360,15.0,1.76959377782282e-05,0.9921477274372956,1.0
cTCMV,360,30.0,8.676839158283656e-07,0.6560825597529156,0.65625
cTCMV,360,50.0,3.259571960256835e-05,0.39422340441246606,0.390625
cTCMV,360,75.0,3.7006338388323456e-05,0.25716770316496373,0.265625
cTCMV,360,100.0,1.706026250758441e-05,0.19351909721890165,0.203125
cTCMV,360,150.0,7.540397234606644e-05,0.13818528120284176,0.140625
cTCMV,360,250.0,8.316672921182544e-05,0.07613368898968557,0.078125
cTCMV,360,400.0,3.4228143476866535e-05,0.04800714810180528,0.046875
cTCMV,360,550.0,0.0,0.0,0.0
cTCMV,420,5.0,0.0,1.0,1.0
cTCMV,420,15.0,7.105427357601002e-15,1.0,1.0
cTCMV,420,30.0,1.164015259291773e-05,0.6683348069074785,0.671875
cTCMV,420,50.0,1.483713532479669e-06,0.4335516866476896,0.4375
cTCMV,420,75.0,3.7862956858703e-05,0.2736091936887558,0.28125
cTCMV,420,100.0,9.862780449054753e-05,0.2098636326780602,0.21875
cTCMV,420,150.0,9.406754998053657e-06,0.13818528120284176,0.140625
cTCMV,420,250.0,0.0003100746663449172,0.08697765656091612,0.09375
cTCMV,420,400.0,0.0003538301114076603,0.05898534054560861,0.0625
cTCMV,420,550.0,0.0006580708176215921,0.010576975945424524,0.015625
cTCMV,468,5.0,0.0,1.0,1.0
cTCMV,468,15.0,0.0,1.0,1.0
cTCMV,468,30.0,2.491043127506032e-05,0.755426291198152,0.75
cTCMV,468,50.0,9.42970157069567e-06,0.44844324226862264,0.453125
cTCMV,468,75.0,2.2949553823536917e-05,0.29331426173573477,0.296875
cTCMV,468,100.0,9.931183299727309e-06,0.2157497714692889,0.21875
cTCMV,468,150.0,0.00010587323109234603,0.14611807166736884,0.15625
cTCMV,468,250.0,9.602887004689364e-05,0.08697765656091612,0.09375
cTCMV,468,400.0,0.000498116107110036,0.054784627833826295,0.0625
cTCMV,468,550.0,0.000911972413859985,0.04015143295787147,0.046875
cTCMV,479,5.0,0.0,1.0,1.0
cTCMV,479,15.0,1.7763568394002505e-15,1.0,1.0
cTCMV,479,30.0,3.072423197281182e-05,0.7587012033344045,0.765625
cTCMV,479,50.0,1.0244277106608024e-06,0.45513684818040295,0.453125
cTCMV,479,75.0,4.464800809955705e-06,0.3006794698674729,0.296875
cTCMV,479,100.0,1.669568376883035e-07,0.23486442362768753,0.234375
cTCMV,479,150.0,7.250728231156245e-07,0.15500639743015746,0.15625
cTCMV,479,250.0,6.163894283872651e-07,0.09360122506433582,0.09375
cTCMV,479,400.0,0.00035290198030679676,0.05627445951567138,0.0625
cTCMV,479,550.0,0.0006786474459659075,0.04107661213427707,0.046875
dTCMV,0,5.0,6.287587694941976e-07,0.40901924233341536,0.40625
dTCMV,0,15.0,2.8786707900962938e-05,0.2692165560218856,0.265625
dTCMV,0,30.0,2.2844787892495333e-05,0.15936390252673194,0.15625
dTCMV,0,50.0,9.660807279487926e-06,0.12312421513168692,0.125
dTCMV,0,75.0,2.2490362994176394e-06,0.10814865472668586,0.109375
dTCMV,0,100.0,2.6710233015592166e-05,0.22345078071100696,0.234375
dTCMV,0,150.0,0.00016333589491068778,0.44488849132551644,0.453125
dTCMV,0,250.0,6.569024708369398e-05,0.2262553483665259,0.234375
dTCMV,0,400.0,0.0,0.0,0.0
dTCMV,0,550.0,0.0,0.0,0.0
dTCMV,60,5.0,8.810099856759734e-06,0.8415370667257547,0.84375
dTCMV,60,15.0,7.090996987813014e-06,0.3001008554074848,0.296875
dTCMV,60,30.0,3.6987579051128705e-05,0.21650282477284657,0.21875
dTCMV,60,50.0,4.7260954119110465e-05,0.16267536024157545,0.171875
dTCMV,60,75.0,7.183091940987651e-05,0.1487280274526505,0.15625
dTCMV,60,100.0,0.0002779486436281786,0.053090257900821045,0.0625
dTCMV,60,150.0,0.00013652340965109033,0.44543102905439197,0.453125
dTCMV,60,250.0,5.2206211194061325e-06,0.31470097555676996,0.3125
dTCMV,60,400.0,1.1368683772161603e-13,0.026627427185464934,0.0
dTCMV,60,550.0,0.0,0.0,0.0
dTCMV,120,5.0,2.959205787078645e-06,0.8415370667257547,0.84375
dTCMV,120,15.0,2.9886336108120304e-05,0.3001008554074848,0.3125
dTCMV,120,30.0,2.6417271655532204e-05,0.25870763397196833,0.25
dTCMV,120,50.0,5.911974341188397e-07,0.19160767191189454,0.1875
dTCMV,120,75.0,1.4161739528617545e-05,0.18487458602342158,0.1875
dTCMV,120,100.0,1.5646301875449353e-05,0.15025739381091943,0.140625
dTCMV,120,150.0,1.3127711895322136e-06,0.42428051971403286,0.421875
dTCMV,120,250.0,9.914970746649487e-06,0.3931528171945243,0.390625
dTCMV,120,400.0,0.0,0.0,0.0
dTCMV,120,550.0,0.0,0.0021403514933843273,0.0
dTCMV,240,5.0,7.260161204669657e-06,0.8630486669304901,0.859375
dTCMV,240,15.0,1.4683125257874963e-06,0.4822217912968885,0.484375
dTCMV,240,30.0,9.994191131568186e-06,0.3580513654172047,0.359375
dTCMV,240,50.0,4.8303384815540085e-05,0.2857837287001548,0.28125
dTCMV,240,75.0,2.9664391774986143e-05,0.2736091936887558,0.28125
dTCMV,240,100.0,2.139576986337488e-05,0.2694698715452031,0.265625
dTCMV,240,150.0,0.0004132272316894614,0.19240511905899707,0.1875
dTCMV,240,250.0,1.521201511422987e-06,0.5291053299035506,0.53125
dTCMV,240,400.0,2.726026707478013e-05,0.14289186435007836,0.140625
dTCMV,240,550.0,0.0,0.0,0.0
dTCMV,360,5.0,1.0876507747781261e-05,0.8630486669304901,0.859375
dTCMV,360,15.0,1.1947002526824235e-05,0.6306821417295914,0.625
dTCMV,360,30.0,1.0914584208876477e-05,0.48760201405362635,0.484375
dTCMV,360,50.0,3.807201238714697e-06,0.40110031571014276,0.40625
dTCMV,360,75.0,5.093075714057704e-05,0.40175393744804544,0.40625
dTCMV,360,100.0,4.207063284411561e-06,0.40551920396583313,0.40625
dTCMV,360,150.0,8.016465358196001e-06,0.39121119119823666,0.390625
dTCMV,360,250.0,0.00015799810211092336,0.4882044566964711,0.484375
dTCMV,360,400.0,2.557193283792003e-07,0.46877823275721014,0.46875
dTCMV,360,550.0,0.0,0.0,0.0
dTCMV,420,5.0,8.896606557229347e-06,0.8630486669304901,0.859375
dTCMV,420,15.0,4.725774513048009e-06,0.6974757811884321,0.6875
dTCMV,420,30.0,1.1509197861414577e-07,0.5779684104805524,0.578125
dTCMV,420,50.0,3.73387033647532e-06,0.5568829179809339,0.546875
dTCMV,420,75.0,3.6117262425250374e-07,0.5307897691276117,0.53125
dTCMV,420,100.0,0.00010315356063017589,0.5376979464473419,0.53125
dTCMV,420,150.0,4.540102526107148e-05,0.5357974254813184,0.53125
dTCMV,420,250.0,0.0005974534589086034,0.47736048912523743,0.46875
dTCMV,420,400.0,1.1632522443960625e-05,0.6252446097834576,0.625
dTCMV,420,550.0,0.0003054802822362035,0.02088476172428375,0.015625
dTCMV,468,5.0,8.750645665855927e-07,0.8630486669304901,0.859375
dTCMV,468,15.0,6.159787808712736e-07,0.7457509675653975,0.734375
dTCMV,468,30.0,1.3800059051050084e-06,0.7201300754281813,0.71875
dTCMV,468,50.0,8.66946788136147e-06,0.6991315100458529,0.703125
dTCMV,468,75.0,1.9814278786611794e-05,0.6909264060142088,0.6875
dTCMV,468,100.0,3.617652983223252e-05,0.686713543615197,0.6875
dTCMV,468,150.0,4.321181972954946e-05,0.702442967760694,0.703125
dTCMV,468,250.0,0.00020434744840258645,0.7159277756923249,0.71875
dTCMV,468,400.0,0.0005526984049879502,0.7528650402318313,0.75
dTCMV,468,550.0,0.0004951006686724213,0.4606976080271959,0.453125
dTCMV,479,5.0,3.846535761908854e-06,0.8415370667257547,0.84375
dTCMV,479,15.0,1.6346131310740475e-06,0.8114149345834435,0.796875
dTCMV,479,30.0,2.7832196934696185e-05,0.7587012033344045,0.765625
dTCMV,479,50.0,3.873478206628533e-06,0.7587377489129958,0.765625
dTCMV,479,75.0,9.461988810244293e-06,0.7632195231557509,0.765625
dTCMV,479,100.0,1.703489824933513e-05,0.7579481500308471,0.765625
dTCMV,479,150.0,1.187575551853115e-05,0.7620492066278384,0.765625
dTCMV,479,250.0,1.913863769686941e-05,0.7593036459772502,0.765625
dTCMV,479,400.0,2.3624219409157377e-05,0.7596425199638505,0.765625
dTCMV,479,550.0,0.001617987131226073,0.5896964427296258,0.59375
