time,eta_0,eta_0.5,eta_1,eta_2
0.0,1.0,1.0,1.0,1.0
0.08333333333333333,1.0,1.0,1.0,1.0
0.16666666666666666,1.0,1.0,1.0,1.0
0.25,1.0,1.0,1.0,1.0
0.3333333333333333,1.0000000000000002,1.0000000000000002,1.0000000000000002,1.0000000000000002
0.41666666666666663,0.9996868521960304,1.0,1.0,1.0
0.5,0.998455791021277,1.0,1.0,1.0
0.5833333333333333,0.9956046265175623,1.0,1.0,1.0
0.6666666666666666,0.9905086636149552,1.0,1.0,1.0
0.75,0.982724707517577,0.9999997933990619,1.0,1.0
0.8333333333333333,0.9720279395549618,0.999998068226656,1.0,1.0
0.9166666666666666,0.9584019948151065,0.9999903790486555,1.0,1.0
1.0,0.9420030325507519,0.9998414611811598,1.0,1.0
1.0833333333333333,0.9231136891165416,0.9999400523470142,0.9999999999999998,0.9999999999999998
1.1666666666666665,0.9020971832449667,0.9997752187410418,1.0,1.0
1.25,0.8793572096608635,0.9995115654771971,0.9999999999999998,0.9999999999999999
1.3333333333333333,0.8553059902166439,0.9990516644024525,0.9999999999999989,0.9999999999999999
1.4166666666666665,0.8303408058341466,0.998305229022534,0.9999999999999748,1.0
1.5,0.8048282069179499,0.9985485624643279,0.9999999999996804,0.9999999999999999
1.5833333333333333,0.7790945974529012,0.9976447354958692,0.9999999999973685,1.0
1.6666666666666665,0.7552115193898825,0.9964056196427716,0.9999999999842465,1.0
1.75,0.7302938488190311,0.9947461395680157,0.999999999925877,0.9999999999999999
1.8333333333333333,0.7059104986587424,0.9925795760526962,0.9999999997110776,0.9999999999999993
1.9166666666666665,0.6822033387419878,0.9898197043620117,0.9999999990317116,0.9999999999999974
2.0,0.6592763838485481,0.9863833653546873,0.9999999971330805,0.99999999999999
2.083333333333333,0.637200924392299,0.9698789700371275,0.9999999923461694,0.9999999999999417
2.1666666666666665,0.6160206761745429,0.9834306528349634,0.9999999812831986,0.9999999999998018
2.25,0.5957566835391456,0.9790894229981598,0.9999999575508122,0.9999999999992298
2.333333333333333,0.576411812156982,0.9654330138828424,0.9999999098204341,0.999999999997147
2.4166666666666665,0.5579747437565803,0.9573771973643462,0.9999998191119503,0.9999999999905254
2.5,0.5404234398164683,0.9484294358459714,0.9999996550239346,0.9999999999739716
2.583333333333333,0.5237280788633485,0.938554346628492,0.9999993710386623,0.999999999927754
2.6666666666666665,0.5078534964593209,0.9486083602928438,0.9999988985955817,0.9999999998504756
2.75,0.4927611715108811,0.9390173256161419,0.9999981397017574,0.9999999996378345
2.833333333333333,0.47841080989087037,0.9289511723387811,0.9999969591024804,0.9999999992028082
2.9166666666666665,0.4647615786717127,0.9205885959812631,0.9999951749798877,0.9999999982739202
3.0,0.4517730431763217,0.9093431483379673,0.9999925482127727,0.9999999965759244
3.083333333333333,0.4394058558062706,0.9034939062873806,0.9999887718201734,0.9999999932271213
3.1666666666666665,0.4276222411190094,0.8822435408935431,0.9999834632501243,0.9999999871014985
3.25,0.4163863165496378,0.8354619562584682,0.9999761532968834,0.9999999784282192
3.333333333333333,0.4056642829588414,0.8871315953486297,0.9999662618985228,0.9999999616759342
3.4166666666666665,0.39542451413512614,0.8779975086138055,0.999953114924547,0.9999999351773469
3.5,0.38563756967142165,0.8343104853608673,0.9999358939557865,0.9999998935536325
3.583333333333333,0.37627615137646053,0.8179453998625457,0.9999137535970815,0.9999998261112963
3.6666666666666665,0.3673150196153765,0.8079717638028234,0.9998855433714259,0.9999997224394546
3.75,0.3587308827075275,0.8359979008865236,0.999850152971042,0.9999995664421562
3.833333333333333,0.3505022697228907,0.8199309333629603,0.9998063211330724,0.9999993523160158
3.9166666666666665,0.34260939467606755,0.8043432988123005,0.9997524773437922,0.999999052462444
4.0,0.3350340181751757,0.788964348984427,0.999687135484658,0.999998603466355
4.083333333333333,0.3277593109945699,0.773643827228921,0.9996085963939642,0.9999980004117134
4.166666666666666,0.32076972275823973,0.7642730893612965,0.9995146746973164,0.9999971481879318
4.25,0.314050857900029,0.748846688997745,0.9994025077883676,0.9999959907753814
4.333333333333333,0.3075893602660923,0.7333407394718513,0.9992729843521602,0.9999945170043791
4.416666666666666,0.30137280710711123,0.717756094968768,0.9991249619312551,0.9999924987702795
4.5,0.2953896127399781,0.6576446475421268,0.998949764090881,0.9999898604336424
4.583333333333333,0.28962894181261883,0.7454349820190117,0.998750060347345,0.9999866585734388
4.666666666666666,0.28608096812609907,0.7280390941184337,0.9985225681345202,0.9999864742260715
4.75,0.2805435498768824,0.6633075818016856,0.9982649031653351,0.9999826672992937
4.833333333333333,0.2752154274121595,0.6458835483610855,0.997974684603011,0.999977315645142
4.916666666666666,0.27008739699805884,0.6291236316923821,0.9976336724810116,0.9999706292957782
5.0,0.26515058871994274,0.6128749508179651,0.9972659978940392,0.9999623383674761
5.083333333333333,0.2603964732748698,0.6600461263037224,0.9968578665119422,0.9999587468689193
5.166666666666666,0.2558168627483044,0.6419778535245675,0.9964066163285027,0.999947707647395
5.25,0.2514039070414192,0.6254258754569066,0.9959097084407484,0.9999455872726428
5.333333333333333,0.25418066461854133,0.6098779068740806,0.9952563239940131,0.9999445083379545
5.416666666666666,0.25008197979336905,0.5950275663527893,0.9946323645584819,0.9999305045127002
5.5,0.2461104838078789,0.580690581840025,0.9939537706654213,0.9999136700738827
5.583333333333333,0.2422603011247951,0.5667559559870081,0.9932166011189073,0.9998959474364161
5.666666666666666,0.23852588461543991,0.5531571429753811,0.9920127771755687,0.9998728052953845
5.75,0.234902011019276,0.4977157231110289,0.9910550966189063,0.9998459080136745
5.833333333333333,0.2313837741120309,0.5877000652885213,0.990036090313724,0.9998168826561455
5.916666666666666,0.22796657544847518,0.5706208787307987,0.9879409388399907,0.9997804537499917
6.0,0.22464611281682448,0.5089634859029769,0.9865925357050885,0.9997407552757651
6.083333333333333,0.2214183667060302,0.49501035284672507,0.9851733669976145,0.999754770600937
6.166666666666666,0.21827958517429158,0.4877873469132334,0.9836676742231748,0.9997078689606508
6.25,0.2152262675398432,0.5283351753455587,0.979631533854954,0.999653987169627
6.333333333333333,0.21225514731071876,0.5075009585714348,0.9775314526799058,0.999592605943932
6.416666666666666,0.20936317474208713,0.4934979458117043,0.9753958773766294,0.999522898929556
6.5,0.20654749936744468,0.4805745888309706,0.9693543507711332,0.9994583559188269
6.583333333333333,0.20380545280057333,0.4684284816384204,0.9658565766048574,0.9993771976314721
6.666666666666666,0.2011345320536581,0.45686910021034033,0.9629315929165819,0.9992811454562067
6.75,0.19853238356668215,0.4457745943428761,0.9599425085513297,0.9991736690314407
6.833333333333333,0.19601406594756762,0.4024866561194633,0.9487548334867957,0.999253980211388
6.916666666666666,0.1935398671723001,0.3970375810719536,0.9447126029426927,0.9991406326435333
7.0,0.19112876839409135,0.4374893218087912,0.9393462494519098,0.9990422393304411
7.083333333333333,0.18877871870188673,0.4622369550638347,0.9351584971459097,0.9989065901199047
7.166666666666666,0.1864877920318603,0.4105523114549825,0.9179756186021736,0.9987824022897464
7.25,0.18425416596222222,0.3944032086248674,0.9124676754950057,0.9986219297046396
7.333333333333333,0.1820761047618756,0.38331391716293767,0.9072695922129932,0.998445811094121
7.416666666666666,0.18613699380990084,0.4269383306702878,0.9008119420536352,0.9982564306312657
7.5,0.1839419837612334,0.46341232723264464,0.8827459710946058,0.9981280424107589
7.583333333333333,0.18179664888888003,0.40804368196045615,0.8721641161475968,0.9983649609473849
7.666666666666666,0.1796983335341071,0.39547374603469976,0.8660042640321687,0.9981804921062339
7.75,0.17764489001972855,0.3842927328780561,0.8600921135828214,0.9979825777439847
7.833333333333333,0.17563456153914087,0.37409802686588045,0.8542686926889876,0.9977453616934316
7.916666666666666,0.1736658893265898,0.3646317347177643,0.8273577390246426,0.997511148236281
8.0,0.17173763935533237,0.3557253798724019,0.8204153075245857,0.997238871013427
8.083333333333332,0.16984874471694192,0.34726666165607833,0.8140335199886747,0.9969453215595441
8.166666666666666,0.16799826057548486,0.3117302481381938,0.8078804131027757,0.9966299049688158
8.25,0.16618532919292114,0.3530208704725499,0.7985710769511446,0.9963187319756677
8.333333333333332,0.1644267671863432,0.3695975536317111,0.7695959702885834,0.996497843777769
8.416666666666666,0.16268355563865428,0.32499651780434435,0.759899528370815,0.9963217329231618
8.5,0.16097628150654528,0.3217887486046251,0.7534505527282556,0.9959501241247305
8.583333333333332,0.15930404202856802,0.3137095928883163,0.7470928379588129,0.9955561142319274
8.666666666666666,0.15766599480736665,0.306211945872798,0.7411409193698442,0.9952509738008117
8.75,0.15606133467149846,0.3382141898636202,0.7159210838088604,0.9948611918429737
8.833333333333332,0.15561107459191018,0.3286450955731484,0.70975284486208,0.9944409794921139
8.916666666666666,0.15414405899848935,0.3202114305965316,0.7040498168015321,0.9939624742029753
9.0,0.1527123044611518,0.31256423858807564,0.6985889291935022,0.993514262417006
9.083333333333332,0.1513147628711054,0.3048451299464875,0.6932791243983569,0.9939257239068083
9.166666666666666,0.15577136771737443,0.29883122460712597,0.6757274356432439,0.9934113716379125
9.25,0.15440846405162853,0.2919276837576227,0.6707036399094607,0.9931649901647396
9.333333333333332,0.1530422071092036,0.2652731744127771,0.6658638822686698,0.9928356799654041
9.416666666666666,0.15168784001225052,0.29794097642492745,0.6611416254874054,0.9922543643410735
9.5,0.15038234765649872,0.3115658664284569,0.6539400750425393,0.9916469805690951
9.583333333333332,0.14910242102946467,0.27553427995290647,0.6413169308237635,0.9911454157622946
9.666666666666666,0.14786004829845048,0.2683020449960878,0.6370210049491264,0.9904889799648355
9.75,0.14662496570123637,0.26216374674131826,0.6298121870228727,0.9906696146625994
9.833333333333332,0.14541209288284176,0.256478046492549,0.625677776278664,0.9902070378774275
9.916666666666666,0.14422026126275864,0.2815047448891999,0.6216300691401663,0.989811895836231
10.0,0.14304844293003915,0.2741517967094398,0.6176547050747212,0.9890812125910753
10.083333333333332,0.1418957214692585,0.2676135125626824,0.6094339825258293,0.9884623280349452
10.166666666666666,0.140761271147333,0.2616547238185562,0.6056910237738502,0.9880314770335998
10.25,0.13964434186192273,0.25612447066338057,0.6020325683923615,0.9872275109991975
10.333333333333332,0.13854424811053898,0.2509237910690878,0.5974363026993633,0.9864615430246597
10.416666666666666,0.1374603607967693,0.24598634928514776,0.5938518086328658,0.9869124673407059
10.5,0.13641579832574954,0.24111080296819107,0.5893663535059496,0.9864298502166146
10.583333333333332,0.13535806273886694,0.2365846543507255,0.5859367004575302,0.9855625297754198
10.666666666666666,0.1343161807205767,0.21777821422015703,0.5825550907582243,0.9851635128253461
10.75,0.13328928493123796,0.24269233009804497,0.5777310638562,0.9846171718283085
10.833333333333332,0.13226741335250675,0.25083741165389783,0.5725147167670415,0.9836846991985387
10.916666666666666,0.13127474044163806,0.24702425717703627,0.5691585176354392,0.9827235766748318
11.0,0.13035572489255595,0.22229842664516797,0.5615642062613709,0.9822451282002008
11.083333333333332,0.1293280014067019,0.2154323931161251,0.558189739797142,0.9813541146099832
11.166666666666666,0.12836656063166796,0.21125416244042564,0.5548964373150873,0.9816443450571447
11.25,0.12741771127495619,0.19396337703222577,0.5491614107743785,0.9805860450119627
11.333333333333332,0.12647863002622484,0.20979590120424446,0.5420303522338938,0.9799464650253144
11.416666666666666,0.12555404430801814,0.218643583149566,0.5389376402686875,0.9788420965341409
11.5,0.12464118004464017,0.19917355548276441,0.5358994239611214,0.9777124374809281
11.583333333333332,0.12373614541492957,0.19514301862808925,0.5329145573083606,0.9766916754588914
11.666666666666666,0.12286870241899436,0.22260153817521566,0.5271735889110286,0.9757627276501064
11.75,0.1219848322026448,0.2325471992453041,0.5242297038024974,0.974563923835634
11.833333333333332,0.12111916621030229,0.20422930145846344,0.5213659496099021,0.9758210001988131
11.916666666666666,0.12025015253062353,0.19933655954153895,0.5185691536667987,0.9750444614182406
12.0,0.11942882228576684,0.19502068742554993,0.5158324144601476,0.9744330664720431
12.083333333333332,0.11863068955186946,0.1911152621077475,0.5103801066426217,0.9731605517970603
12.166666666666666,0.11780407433318274,0.1875125219536346,0.5059262626922832,0.9724784781596317
12.25,0.11694372661672668,0.1735899471355383,0.5032725987279385,0.97116006680718
12.333333333333332,0.11615632213028154,0.19303912555052122,0.49786332104019104,0.9699597281163975
12.416666666666666,0.11536062055957773,0.19941877362051477,0.49011928072271066,0.9685988423138396
12.5,0.11457631439880878,0.17884486695389085,0.4876692982933671,0.9688521376568772
12.583333333333332,0.11379786868536558,0.1751276503467978,0.48529437052723806,0.9694016423691756
12.666666666666666,0.11306987387736633,0.17300694394902533,0.4829874886486075,0.9685259120916883
12.75,0.11231541137250439,0.16044309660760123,0.48037837809201855,0.967218182479383
12.833333333333332,0.11155449597085647,0.1575463619924851,0.4782077383188668,0.9660424402595357
12.916666666666666,0.11082528744331811,0.17031214698087188,0.47152607893044224,0.9646000747936938
13.0,0.1101246968952647,0.15789627104660137,0.4694252963282133,0.9631331317406147
13.083333333333332,0.10941614163604838,0.15436934707134575,0.4674304603264475,0.9616368337235314
13.166666666666666,0.10871926849130592,0.15213545753364288,0.46551477929395635,0.9601105756755571
13.25,0.10803392763571812,0.17968620123325804,0.4636643500644278,0.9605812385760656
13.333333333333332,0.10736005367410219,0.1875073955458485,0.46187205219320965,0.961594482238969
13.416666666666666,0.10669761069739184,0.16622966589849958,0.45660065207588446,0.9600298355825084
13.5,0.10604658413612644,0.1627342661453834,0.45492822518330683,0.9583951748106769
13.583333333333332,0.1054069714297398,0.15961967204414007,0.4533243372613838,0.9567625082414345
13.666666666666666,0.10477328368884789,0.15678472073710448,0.4517792774022085,0.9557224102593137
13.75,0.1041891962424786,0.15416248594255522,0.4502887353546335,0.9543728542801604
13.833333333333332,0.10358433096906948,0.14336957262626374,0.4488488292342432,0.9528169958805841
13.916666666666666,0.10298654410199151,0.13367270938048037,0.44745722936495574,0.9513540878142306
14.0,0.10238423057333729,0.14065479295409147,0.44357870541112077,0.9510211749641311
14.083333333333332,0.1018123271122491,0.13747863211439781,0.4423020159386253,0.9500569676592169
14.166666666666666,0.10125208694060973,0.14388266157297713,0.4410845191173813,0.9493110863425207
14.25,0.1007180203456321,0.13513679677437146,0.4425410947733986,0.9493955436389513
14.333333333333332,0.10017901849233067,0.1476221138821633,0.43886235241325977,0.9474801690524396
14.416666666666666,0.09965183703976233,0.1517082851835765,0.436542689549361,0.945934980309958
14.5,0.09913698184078638,0.13843218954607245,0.43287403163112476,0.944840304981455
14.583333333333332,0.0986328201400486,0.13612765401967342,0.4345612275910716,0.9437231466880697
14.666666666666666,0.09813979837141978,0.1340392702997267,0.4308019278489637,0.9419210450054779
14.75,0.10218781344951594,0.13211590869688386,0.43257174996154646,0.9416180190777331
14.833333333333332,0.10162845633552184,0.12442055761138604,0.42915574736386747,0.9400286144085725
14.916666666666666,0.10108618600689623,0.14276901072189493,0.43043688207863,0.9391098914098596
15.0,0.10055567503308946,0.14540574201540593,0.428612097111656,0.939860612872679
15.083333333333332,0.10006996658446911,0.13711660933173594,0.42794252269451516,0.9379220244156686
15.166666666666666,0.09957211516578128,0.13945973804561188,0.4249334016964996,0.9366575850944138
15.25,0.09908485965729963,0.13714011345367352,0.4267518855295675,0.9346720522130394
15.333333333333332,0.09859670379471928,0.13505773712569658,0.4261784600053539,0.932695329353728
15.416666666666666,0.09813532833167887,0.1331486630939093,0.4222626398238886,0.9307588652032017
15.5,0.09768141990829488,0.12527032171624825,0.42177611323569897,0.9294962883795623
15.583333333333332,0.09725365409008842,0.12355069264917472,0.42369277570556685,0.9292586333118885
15.666666666666666,0.09682750725592765,0.11695545964992021,0.42094560588297497,0.9287196438410218
15.75,0.09640021391332874,0.1223897434790912,0.4205540812376819,0.9267943476132533
15.833333333333332,0.09599104533084181,0.125919481651651,0.4201926414686512,0.9256185813582967
15.916666666666666,0.09564010789687337,0.12440470990139652,0.41985786282506304,0.9256425391166101
16.0,0.09524900024129138,0.11794336069561301,0.4189689975861611,0.9241150188940895
16.083333333333332,0.0948310592008043,0.11649394883313458,0.41869156155179255,0.922270361348502
16.166666666666664,0.09445947539819412,0.12440039017923593,0.41843869948766294,0.9201569171681545
16.25,0.09409537144739001,0.12438162846532075,0.4182076225895299,0.9180350554447358
16.333333333333332,0.09374022032641931,0.11644279212612653,0.4179967979753379,0.9159174959319933
16.416666666666664,0.09339424842195228,0.11800677764376286,0.4178049415766173,0.9137804233619944
16.5,0.09305665143014065,0.11660831604269649,0.41763138719472503,0.9126457262892768
16.583333333333332,0.0927281593579101,0.11533891119455524,0.4169334911560556,0.9118213149768777
16.666666666666664,0.09240470062663793,0.1141644133276136,0.41680250730776375,0.909767185215482
16.75,0.0921095388219875,0.10942923484220618,0.416782229995487,0.9094644016880776
16.833333333333332,0.09180692586574418,0.10833637143287143,0.41772933317940536,0.9080951054028353
16.916666666666664,0.09151084831923315,0.10421502040132985,0.4176499734412925,0.9059259117755457
17.0,0.09121237205421805,0.10355946416046839,0.4175921250782113,0.905654798981507
17.083333333333332,0.0909318917182585,0.10616879666162711,0.4175497404168672,0.9042619205454882
17.166666666666664,0.09065903949298333,0.10885535257918973,0.42545956048764605,0.9010844852842281
17.25,0.0903944095739785,0.10929078506248703,0.42509434841657573,0.9005638401903234
17.333333333333332,0.09013498215511312,0.10646162323805082,0.42497954353805734,0.8984296066746698
17.416666666666664,0.08989182128949308,0.10398113095039228,0.42469529894997377,0.8983161812317929
17.5,0.08964839370720612,0.10082599231204294,0.42407531550817296,0.8960732061922668
17.583333333333332,0.0894170128776688,0.10120963140165655,0.4240906276359239,0.8950698959389289
17.666666666666664,0.08918404463802872,0.10499510729541478,0.42405813751288096,0.8915810208885169
17.75,0.08896212073286046,0.10185160113764317,0.4241542455018806,0.8875364268826264
17.833333333333332,0.08876389684074198,0.09998909544565794,0.42426155956157297,0.8876457502032735
17.916666666666664,0.0885574686063906,0.10838450608505573,0.4243800880831046,0.8861247534734195
18.0,0.0883423465788029,0.1121345920754018,0.4245053001857788,0.883833248120496
18.083333333333332,0.08814724124058494,0.10585533338602918,0.4237666222039193,0.881692518994334
18.166666666666664,0.087959586260398,0.10488080338354677,0.4239146302548323,0.8803456624139108
18.25,0.08777755224768441,0.10400121051192203,0.42407076249263487,0.8782563476644771
18.333333333333332,0.0876008572382303,0.10319898329498055,0.42420728373322264,0.8763737353710567
18.416666666666664,0.08742780041358882,0.09984251320219933,0.42437417204119826,0.8741210292376929
18.5,0.08727009313952969,0.09913091937633164,0.4245450363325634,0.8717677998361841
18.583333333333332,0.08711205153209721,0.09628878040208518,0.4247173476825508,0.8694162980477886
18.666666666666664,0.08695278280868705,0.09584897151118651,0.42489129190035274,0.8674052139212356
18.75,0.08680411147638548,0.09811572914032429,0.42506623657502046,0.865041385543284
18.833333333333332,0.08666073384938464,0.09568643636665304,0.4252453964739245,0.8669731204741394
18.916666666666664,0.08652700379251343,0.09452692897554861,0.42542228108483776,0.8661679575474737
19.0,0.08639322215675253,0.09976960633775896,0.425597447843951,0.861331532871493
19.083333333333332,0.08626460835764764,0.10238738147020147,0.438421866115905,0.8664776509124662
19.166666666666664,0.08614237563593877,0.09852843011795656,0.42675243372851906,0.863519396799743
19.25,0.08602340433723309,0.09791950001710847,0.4382480563610485,0.8602429443718936
19.333333333333332,0.08590882289774902,0.09743827496657234,0.43767841464287494,0.8547877520147918
19.416666666666664,0.08579695395288324,0.09742517665592518,0.4375483197281916,0.8574549385012145
19.5,0.085691091379409,0.09526811696022276,0.43755043607946353,0.8559600397155066
19.583333333333332,0.08559120786313795,0.09486884951751147,0.43958519963863524,0.8510183419578051
19.666666666666664,0.08549324286772542,0.09305154686173306,0.4395838255190143,0.8466778484110017
19.75,0.08540063924123754,0.09275867186087086,0.43961343927836066,0.8491406482353187
19.833333333333332,0.0853095565690113,0.09151344999776848,0.4396616405409219,0.8491244121987782
19.916666666666664,0.08524289600301914,0.09328172348141789,0.43957593271359896,0.8452326628932573
20.0,0.08516090527491704,0.0937181483716397,0.43963888148964675,0.8439018393182691
20.083333333333332,0.08507670329155886,0.09208936486918463,0.4397030258824725,0.8426145027600106
20.166666666666664,0.08500652003811553,0.09262720561787421,0.4397707437247844,0.8366845025174232
20.25,0.08493461841603235,0.09589284128397699,0.43983251062703416,0.8356736702142149
20.333333333333332,0.08486672232254822,0.09843623806892787,0.4407899642396263,0.8330126542481014
20.416666666666664,0.084805474295633,0.09694318797103087,0.4409593370182039,0.8307510839302085
20.5,0.08477170233199338,0.09700914315089028,0.44103115922238323,0.8220503757268862
20.583333333333332,0.08473400178279797,0.09810227200695396,0.43946854568353705,0.8226829590645054
20.666666666666664,0.08468144743487535,0.09915314642325458,0.43954725645372733,0.8239451749370627
20.75,0.08463763739135392,0.09762762142836147,0.4412749851887665,0.8224904786231303
20.833333333333332,0.08460179142402739,0.10048955830808844,0.44130917370746203,0.8210620475586125
20.916666666666664,0.08456047986591415,0.10056083214149916,0.4413351174414076,0.8206960106033663
21.0,0.0846417465613047,0.09962855728879025,0.4413646893018294,0.8149768438795338
21.083333333333332,0.08460896136147991,0.09982103411472175,0.45541146426578094,0.8128337067780431
21.166666666666664,0.08458487645503052,0.101688349956867,0.454495574391111,0.8123231040618848
21.25,0.08456386525632802,0.10375683309759576,0.4539865176424969,0.8082847564579436
21.333333333333332,0.08460089856283906,0.10260536839480726,0.4536497183902313,0.8018447638527463
21.416666666666664,0.0852450726373562,0.10347905186771252,0.45338946015050985,0.7991710158722226
21.5,0.0855060547388874,0.10332749097807564,0.4531721257181267,0.80051924599041
21.583333333333332,0.08547727939181211,0.10924087244170691,0.4529795148080793,0.794615397211007
21.666666666666664,0.08546075385511642,0.110456202689916,0.4527860564906976,0.7831869043371988
21.75,0.08545568464205534,0.11211431406565575,0.4513680083504679,0.7614096443234035
21.833333333333332,0.08560190697235986,0.11662512232397855,0.45286553751926384,0.7455419213536995
21.916666666666664,0.085616990128461,0.11772603226416158,0.4526440962827689,0.7286805431381437
22.0,0.08632064871492737,0.11839802351702815,0.45404364845695333,0.7192045694858965
22.083333333333332,0.08635582995691832,0.11920064877464676,0.4538778555366785,0.7048507905891184
22.166666666666664,0.08641157438353067,0.11939031114116679,0.453689347343899,0.6971603503502117
22.25,0.0864824262478896,0.11936271909142883,0.45349741027479584,0.6897506550982073
22.333333333333332,0.08672089533617486,0.13142019371299354,0.4533005235551108,0.6788670858380408
22.416666666666664,0.08702381927746156,0.1328797654602217,0.4530983484540359,0.672252540715122
22.5,0.08713990495734204,0.13378540611061399,0.45288468256779746,0.6684073936479379
22.583333333333332,0.08727227281566828,0.1425901705029001,0.4649483146527353,0.6655249025943669
22.666666666666664,0.08894561985381147,0.14388731862758705,0.4547645954441572,0.6634938469110461
22.75,0.0893767403289233,0.1444739820684632,0.4540189361965272,0.6615001122922153
22.833333333333332,0.08979569713966767,0.14582920496899024,0.45185808573838443,0.6600929338352741
22.916666666666664,0.09046223021066761,0.14726888991498047,0.46032131851515157,0.6581242846643393
23.0,0.0907079185779969,0.1487686201287053,0.46109526983956867,0.6563551327361887
23.083333333333332,0.09099079635157187,0.16501726213037277,0.4619516918552352,0.6546970330364801
23.166666666666664,0.09204134752917768,0.16588221611871432,0.4614989822875348,0.6518042879798157
23.25,0.09527077172940718,0.17348243013611436,0.4610114605521238,0.6492622791241164
23.333333333333332,0.09566580763735683,0.1772169657686524,0.4605319433728506,0.6463327724458121
23.416666666666664,0.09695305044578358,0.17848838643055553,0.4600561178696935,0.644608300973337
23.5,0.09738655571490655,0.1810820324540264,0.4595748405472257,0.6399989509764362
23.583333333333332,0.09836769144887324,0.18331072396418882,0.4590935862447291,0.6369436097373956
23.666666666666664,0.09895576163232196,0.18493053916427962,0.4565574077163746,0.6349952382014165
23.75,0.09955883424590718,0.18950604681945007,0.4543480898720035,0.6332409206895917
23.833333333333332,0.10107456517250994,0.20966866137851958,0.4560601624606744,0.6307310072673565
23.916666666666664,0.10828551176677899,0.21084262547897095,0.4544006658335128,0.6288868241770394
24.0,0.10966410495449028,0.22209784494731377,0.4537730410992832,0.6253899645172459
24.083333333333332,0.11047093046853058,0.22340574604429825,0.4543933467715103,0.6231960132813691
24.166666666666664,0.11133118367327224,0.22484535920391743,0.4537339480272143,0.6209549123314707
24.25,0.11365168309882316,0.22976636499749192,0.45385672110895686,0.6175006446852893
24.333333333333332,0.11566407933633556,0.23224522474795384,0.45413918242108703,0.613922875499668
24.416666666666664,0.12390484413761423,0.23464912734664908,0.4538077645773304,0.6110530761882532
24.5,0.1251295500120763,0.2364913135857559,0.4535661339966129,0.6069315850511497
24.583333333333332,0.12918049632023412,0.24087944333930544,0.45302375740735495,0.6040477500818463
24.666666666666664,0.13027996092126512,0.24257003133752808,0.45248504844423487,0.6019153864988223
24.75,0.13352599362851664,0.2593008788290827,0.45192889353399907,0.5954647009053248
24.833333333333332,0.13640591296010135,0.282307654891075,0.4513675348070927,0.592431534009678
24.916666666666664,0.13767381779609433,0.28361251006767063,0.45080091882094003,0.5872186442974912
25.0,0.13902939941491943,0.2849117001512599,0.45096929606686054,0.5849108237526843
25.083333333333332,0.15064857003426482,0.2862251257882209,0.4504633187816149,0.5806145678333896
25.166666666666664,0.15809212863947425,0.28786553791102465,0.4498753794165193,0.578426935318945
25.25,0.1590956723386589,0.2895981563247695,0.44755748976756926,0.5740935241690063
25.333333333333332,0.16560297173286354,0.29138212463733265,0.4466433676051549,0.5701698631378717
25.416666666666664,0.16697764868189027,0.2963894008627716,0.44487168451164777,0.5682606828640288
25.5,0.16852748544819587,0.2980693384683686,0.44645907551097175,0.5639086855601612
25.583333333333332,0.17018190326800514,0.3159803383067551,0.4448902927966507,0.5607199231284903
25.666666666666664,0.17309142817185993,0.31664789692127315,0.44356812743339535,0.5576222055891948
25.75,0.19592045036258426,0.3342579114957286,0.44395124651656676,0.5563010319471727
25.833333333333332,0.20080542495596856,0.33512460771872105,0.4428664678267437,0.5506838884230384
25.916666666666664,0.20181483081907378,0.33654204262513704,0.4432518334168448,0.5476607258596197
26.0,0.20625978433762251,0.3378363097714196,0.4429294278774272,0.5467636175012222
26.083333333333332,0.2078870600866034,0.34207985533790913,0.4427414560901947,0.543680975686982
26.166666666666664,0.20968499560042347,0.3432198668225355,0.4477659519597929,0.5392930306765586
26.25,0.21157637528303824,0.3444449429528012,0.44211691114638907,0.5371578404308381
26.333333333333332,0.2135216213878788,0.34568056606011116,0.44130941082984376,0.5344206363707449
26.416666666666664,0.2267748491800447,0.3494599086680105,0.4456905905639288,0.5314207228362258
26.5,0.24609966173911788,0.36488510171841093,0.4446964650248942,0.5285467247203501
26.583333333333332,0.24672314513276916,0.3649767586723639,0.44345814841809333,0.5273805771666286
26.666666666666664,0.25136714123000586,0.3656412671834914,0.4423970004188641,0.5257075527837721
26.75,0.2528404213744442,0.3789184298149329,0.4418866168732398,0.5235296553716039
26.833333333333332,0.2545145593913824,0.37916141455076174,0.4421060803022196,0.519570724436561
26.916666666666664,0.25956861130278935,0.37947476979389544,0.44244009886346813,0.5186885384438612
27.0,0.2615610042314214,0.38259286709822166,0.4409341931006212,0.5156730179734127
27.083333333333332,0.2728282677763224,0.383051866112016,0.44011585254120056,0.5147079159670401
27.166666666666664,0.27401165071389677,0.3856435346741594,0.4403051935524258,0.5134662752881739
27.25,0.27550878867349143,0.3862709630971045,0.43947864266691256,0.5114377176197099
27.333333333333332,0.28011482643058166,0.3867188026327426,0.43930138749034253,0.5102692839097767
27.416666666666664,0.30233565929119177,0.38717639961497696,0.4383003073164387,0.5088899799014032
27.5,0.3034008522390406,0.3898194179542911,0.4381411834454846,0.5040306528723462
27.583333333333332,0.30706231989456406,0.40357771428476463,0.4372810359436971,0.5019442457010026
27.666666666666664,0.30816722587961703,0.4051262285062654,0.43660787464637524,0.4999511751163185
27.75,0.3094720255165073,0.4047671245365029,0.4351923468227988,0.4991366357684962
27.833333333333332,0.32371406498191374,0.40464537539260326,0.434999833138109,0.49637234543705605
27.916666666666664,0.32407819294479817,0.4147250918745885,0.4344235735695439,0.4946178493718886
28.0,0.328304244572498,0.41394539275475645,0.43314824804819313,0.4935143599162921
28.083333333333332,0.33226052689486213,0.41529343305891964,0.43238325295503405,0.492634688918621
28.166666666666664,0.3475102656222325,0.4149741232492535,0.432589528652357,0.49171222112072016
28.25,0.3480184214780334,0.41476463765336025,0.4330547929259133,0.4910551723047616
28.333333333333332,0.3496218112058613,0.4167413867191188,0.4329677415499412,0.4902094809665263
28.416666666666664,0.3504029584334337,0.41668728682413414,0.43210820480648043,0.48940245799542736
28.5,0.3512749595254089,0.41657666851941844,0.4318039597983777,0.4885352903559427
28.583333333333332,0.3521948839212913,0.4164286197202193,0.4312465228215636,0.4874233169725658
28.666666666666664,0.37005212525834436,0.4238568439030978,0.43044984106038287,0.48656908303543134
28.75,0.3701285235904317,0.4229615320318705,0.43013607805690257,0.48561781957482475
28.833333333333332,0.3728275298605279,0.42234855282684935,0.42933884039249415,0.4824827887986382
28.916666666666664,0.3731225520710061,0.42183789379182096,0.42781352773774456,0.4819457258617642
29.0,0.3841189402687184,0.42135885730109995,0.42816664345185157,0.48101866994887205
29.083333333333332,0.3841726468076133,0.4224615460519739,0.42836757165843004,0.4786262142315169
29.166666666666664,0.3759326018111318,0.42775706372056693,0.42790664489490476,0.4777136404594902
29.25,0.3786142017894075,0.4268822173386319,0.42689138867502113,0.4746351956146774
29.333333333333332,0.3879484104020097,0.4273379710404438,0.42719082073266823,0.4727131736523778
29.416666666666664,0.3881970790088323,0.426732208468686,0.42634270210680525,0.47195900524507267
29.5,0.39856183690497843,0.4261367703441118,0.4266163246034022,0.47034669554776776
29.583333333333332,0.39809149970634183,0.42557810166671717,0.4254606433004608,0.4686604904040336
29.666666666666664,0.3997371754851841,0.42508080926212555,0.42469263973633165,0.46783286385329415
29.75,0.3995271569984887,0.42453501651453396,0.42417570220516176,0.4673483630718782
29.833333333333332,0.3994140144533023,0.424065919443994,0.4245890590101399,0.46668264688657485
29.916666666666664,0.4016236689490904,0.42966145508959486,0.42391586595603814,0.4663343539476261
30.0,0.40829017136644435,0.4308255280846368,0.4231602711276704,0.4667121967730932
30.083333333333332,0.4079659216298934,0.42995245802659504,0.42271651726518705,0.46597886130484406
30.166666666666664,0.4077010088961595,0.42975091046566016,0.4219948617698734,0.4656992090913841
30.25,0.40254706072838936,0.4289897756174876,0.4209386928924521,0.4650971731090821
30.333333333333332,0.405396638109068,0.42889275422556106,0.4212615559427467,0.46501448109692656
30.416666666666664,0.41040369430787105,0.4310961777152902,0.42217915424351443,0.4642073566355484
30.5,0.4195170303702919,0.43023989586596467,0.42140349126163623,0.464189913288997
30.583333333333332,0.41958102646421497,0.4294272127853161,0.4215379111217005,0.4630822571981906
30.666666666666664,0.41866990970659773,0.4292917092109148,0.4207820611903513,0.46214675532359856
30.75,0.41795489289858206,0.428516540796997,0.4210955064382423,0.46144594750244383
30.833333333333332,0.41742365314403107,0.42785936805086355,0.4212646491245355,0.4610676402293062
30.916666666666664,0.4168444138865125,0.427128202864646,0.42089356072019957,0.4598152545083627
31.0,0.41628990951829997,0.42660263883471405,0.42042576883133537,0.4593919923076478
31.083333333333332,0.4157821518192669,0.42972912097645477,0.4194228882884764,0.45919810767814867
31.166666666666664,0.41755876967081273,0.4286716291277434,0.41960547504576035,0.45808123752221175
31.25,0.421742578482028,0.4279152591304739,0.4190359451245007,0.4579603945548656
31.333333333333332,0.4209971301405891,0.4270460273941686,0.4182925006401011,0.4575203796656129
31.416666666666664,0.4203212929738301,0.4267953192616577,0.41772493071529493,0.45654484573420795
31.5,0.4260731242687931,0.42786190077571207,0.4171271806603629,0.45616920787686294
31.583333333333332,0.42499506255324654,0.42703449718499187,0.41580440966709836,0.4550294038505688
31.666666666666664,0.42411994492232274,0.4280398720111446,0.4167765476657387,0.45490488388498596
31.75,0.42331398579955876,0.42719704730632035,0.41706142620652864,0.4539382011976986
31.833333333333332,0.42254044225414344,0.4268246379236998,0.41726740029284615,0.45350001837610576
31.916666666666664,0.424781826292126,0.42644077253310975,0.41674663382962074,0.45438146694169695
32.0,0.4248169360625293,0.4258780579057406,0.41877127359962907,0.454509249334388
32.08333333333333,0.4222739399665186,0.4261987620979076,0.41899847588887446,0.4539092711668509
32.166666666666664,0.42217510890374144,0.4254119157222124,0.41714511136358823,0.45326275964891366
32.25,0.42135114011141406,0.425191157266425,0.4167180473578138,0.4534103870115018
32.33333333333333,0.4229156007420683,0.4252229061536681,0.41808530894405277,0.45340651032619966
32.416666666666664,0.4260586413896551,0.42444497741119785,0.4164675778878141,0.45343149734301
32.5,0.42484140222770306,0.42467272524081523,0.41781878869830064,0.45284937205814507
32.58333333333333,0.4238742288526459,0.42626050871171134,0.41724596780538536,0.45255444543600776
32.666666666666664,0.42380782913995785,0.4251302483108625,0.41671145688647415,0.4519419777400112
32.75,0.42298207550893263,0.4245280136659796,0.41737189970302363,0.4520140079299539
32.83333333333333,0.42410519792084767,0.42463276709426045,0.41682199535034803,0.45182704859814404
32.916666666666664,0.4235813600585149,0.4238853374446993,0.41630310986555535,0.45103978007154827
33.0,0.42317482578627136,0.42410689079234665,0.4157712438145535,0.4513007033373423
33.08333333333333,0.42347878027889546,0.4234191323298512,0.4166479352227128,0.4514392897122321
33.166666666666664,0.4226558907604312,0.4227420262263745,0.4165093492260243,0.4510959526751697
33.25,0.4213928072225425,0.4223292036825802,0.4161277518268548,0.450488124337491
33.33333333333333,0.4208765052292559,0.42262943039975126,0.4156161150909014,0.4498990257588978
33.416666666666664,0.4211099847224129,0.4219348017497607,0.41664083079893194,0.44990606848756604
33.5,0.4224974468470355,0.4237078467726454,0.41614207919141033,0.4495921907773139
33.58333333333333,0.4221302671114916,0.42340633028600827,0.4161266559678489,0.4492865439189084
33.666666666666664,0.4213700531850236,0.4227417240020389,0.4168873574135198,0.44902654916629514
33.75,0.4226088126422657,0.42256580170921576,0.4161263564895653,0.44837918565956414
33.83333333333333,0.4227985584853794,0.4228727275489862,0.4157153671279931,0.4482613031606306
33.916666666666664,0.4220175661780238,0.4223494179107618,0.41627892873234884,0.44795474441490185
34.0,0.42089765509789023,0.4233252399537692,0.4177614594312521,0.4477785055008968
34.08333333333333,0.4212386616226029,0.4226457201637287,0.41778976823805997,0.447444166275848
34.166666666666664,0.42145475113901254,0.4234714073419998,0.4172304471557481,0.4468969520853377
34.25,0.42075743123470366,0.4229611718945724,0.41862940581724434,0.44662123476551385
34.33333333333333,0.42007492873596497,0.422507453257388,0.4189961536958364,0.4464472256808067
34.416666666666664,0.4208882122871004,0.42439745002691587,0.41790102844522187,0.44706665870981116
34.5,0.4223728112581278,0.4235248154926388,0.41914910983984055,0.44684049391138403
34.58333333333333,0.42245250020796044,0.4228089815878318,0.4196902364852232,0.4465672222197671
34.666666666666664,0.42174374575802653,0.4239426086853469,0.4209585678703829,0.4463560295079804
34.75,0.4221062573374377,0.42344110367851967,0.42072638808130813,0.44692912960233955
34.83333333333333,0.42140623533565286,0.4228685695282941,0.42046815758877354,0.44693095740638245
34.916666666666664,0.42148903444018077,0.42393382503823684,0.4205189743893116,0.4473255993330585
35.0,0.4209929724724234,0.4235474340358281,0.42184347776890146,0.4470751241075509
35.08333333333333,0.4218539478957034,0.42383624719356244,0.42212564832079963,0.446901574506442
35.166666666666664,0.42151965308482453,0.4233201124780063,0.4215798080197377,0.44709404217329257
35.25,0.42222239291703856,0.4244568281944038,0.42167571707325213,0.44813521529492284
35.33333333333333,0.4219134998004884,0.42450418770500387,0.42280305447648214,0.4482942489447981
35.416666666666664,0.4213143750137181,0.42586787140902016,0.4224074042188004,0.4482044103360563
35.5,0.4227774804354762,0.42531177278456705,0.42327740583330165,0.4484173834080205
35.58333333333333,0.42212161541300003,0.4248358181533214,0.42457431676235263,0.4482525112208379
35.666666666666664,0.42278083165711033,0.4259608940753077,0.42447415291871343,0.4479818057539341
35.75,0.4237445759602491,0.4257070046951071,0.42455399223513546,0.4478097320883891
35.83333333333333,0.42403901314903364,0.4252151245852689,0.42451735997884427,0.4481172606654
35.916666666666664,0.42359454148341213,0.42798425535485274,0.42478207888613595,0.4483504502613776
36.0,0.42473697943636024,0.42776610278104826,0.4258575257868155,0.44935275279878506
36.08333333333333,0.4242168211278831,0.42730162805381156,0.4255099289264621,0.4499085699420212
36.166666666666664,0.42540461275186897,0.42770376278187394,0.42590354790931617,0.449792079386288
36.25,0.42505042631649187,0.42886118034904314,0.4258470718321329,0.450348106703876
36.33333333333333,0.4263480944994092,0.4284519843055995,0.4276272152031376,0.45009905086419655
36.416666666666664,0.42586162673057865,0.43111227274730773,0.4268238316183217,0.450872842783186
36.5,0.4259647944531273,0.43080236017267326,0.42801971558477,0.4515697163291281
36.58333333333333,0.4287867998488263,0.4305532538914973,0.4292306524797518,0.4516956128449022
36.666666666666664,0.4290785335816053,0.4300251414467054,0.4307103085885068,0.4529143857926936
36.75,0.4287305787871799,0.4316406941173127,0.4299843053825234,0.45314503193292544
36.83333333333333,0.42973489631986966,0.431621721447599,0.4304406895636425,0.454046862750294
36.916666666666664,0.4295253595965535,0.4312933867839486,0.4312850962026258,0.45407926070464527
37.0,0.431047159919856,0.4308636625777849,0.43242069730131344,0.4546806571587676
37.08333333333333,0.43056703486115944,0.4338440603272404,0.43369359632229476,0.4548210905020526
37.166666666666664,0.4302432012892208,0.4334526635020523,0.4334592957768248,0.4552606378117732
37.25,0.4329933352669659,0.4330658458502358,0.4346466842765341,0.4560097421656698
37.33333333333333,0.4325762570545447,0.433024887915513,0.4347228174104123,0.45596250719338405
37.416666666666664,0.4327228180277152,0.4347290755352166,0.43600334936000174,0.45723059308920433
37.5,0.4334960414341538,0.4358390801191606,0.4365176751770117,0.458553665013844
37.58333333333333,0.433090924439795,0.43553766037698166,0.4378043015235487,0.4584240424915872
37.666666666666664,0.4347990634998587,0.43566316273208733,0.43809788955961,0.4595025569729908
37.75,0.4344024619879627,0.4355425765054327,0.4386582442030868,0.46087402955138373
37.83333333333333,0.43559068449349897,0.43722358169603665,0.439459212051166,0.4609129002044176
37.916666666666664,0.4356142257840279,0.43688650021446956,0.4398537260354524,0.4610169423926466
38.0,0.43694765140351294,0.43831152955887315,0.4404330554431352,0.4605664672100124
38.08333333333333,0.4371529945019443,0.4384570741226087,0.44043881276309843,0.4625784772624399
38.166666666666664,0.43681444699707994,0.4399591035655459,0.443275894531474,0.46336533059473983
38.25,0.43755263553319723,0.43998470974864035,0.44320584166044014,0.4641338782685682
38.33333333333333,0.43780719784403077,0.43976561902040734,0.4448904181040048,0.4646577683533863
38.416666666666664,0.4398223789770311,0.4412950433268377,0.44635063554243815,0.46402246290771143
38.5,0.439509120561881,0.44110165407129953,0.44845126132551705,0.46654554405760484
38.58333333333333,0.43949920050875935,0.4408842249769046,0.44951608508181834,0.4664449657280384
38.666666666666664,0.4419256835588948,0.4437690842894015,0.4510966696962289,0.46705758671955167
38.75,0.44165289369803257,0.4450486438516379,0.4529867597769871,0.4687515414556823
38.83333333333333,0.4431907079765649,0.44729685675771785,0.45459887049560566,0.46917400161569645
38.916666666666664,0.4442709701873679,0.4497736668787326,0.45463771639845135,0.4718632214573144
39.0,0.4475405374476413,0.4495113030672748,0.45614188617347134,0.47329254531159015
39.08333333333333,0.4486481980449121,0.45074456402060625,0.4595059258060452,0.4737607560774708
39.166666666666664,0.44967923041776275,0.45313905766538065,0.4594612459803277,0.47374109822416755
39.25,0.4520304899342373,0.4527122206781295,0.46227769224728577,0.475278605138756
39.33333333333333,0.45325803621350236,0.45809751206341187,0.4657542639469643,0.4759814875763296
39.416666666666664,0.45595413196108564,0.45978097654530126,0.4657443862733623,0.4762121471445003
39.5,0.4568033624330343,0.46077038883071725,0.4677213759665798,0.4781300332462816
39.58333333333333,0.4615568672788657,0.46224277983529466,0.46888515874101006,0.4785305691211369
39.666666666666664,0.46216639682438027,0.4651077635498234,0.47199828944837213,0.48069418811795095
39.75,0.46383739276755287,0.46521038526410613,0.4739755419389631,0.4820918955296186
39.83333333333333,0.4666958919151516,0.4694342843043136,0.4761045238817264,0.48196865777117576
39.916666666666664,0.4715481425202983,0.47349566222362277,0.4801628706594355,0.4830525794448248
