scenario,profile,strategy,r,mu,sigma,D_T,mean_abs_gap,max_abs_gap,year_of_max_gap,signed_gap_at_max,initial_gap,year20_gap,year35_gap
baseline,constant,PCMV,0.015,0.055,0.18,0.0,0.22648688917836218,0.38457357539005704,30.0,-0.38457357539005704,0.0,-0.31107939213506686,-0.3605693155951418
baseline,constant,DOMV,0.015,0.055,0.18,0.0,0.09961890823518227,0.27555420355806437,17.0,-0.27555420355806437,0.0,-0.2480891591471598,-0.013949180531961564
baseline,constant,cTCMV,0.015,0.055,0.18,0.0,0.01429757968277744,0.04328437845257338,13.5,-0.04328437845257338,0.0,-0.021696639331660106,-0.004357103525619133
baseline,constant,dTCMV,0.015,0.055,0.18,0.0,0.03335583222010151,0.15244800527891644,2.5,-0.15244800527891644,0.0,0.034006076131788854,0.020876364701518768
D_alt,constant,PCMV,0.015,0.055,0.18,54.536265359302206,0.22532547576790543,0.3858546196802478,29.5,-0.3858546196802478,0.0,-0.3028000472720179,-0.36678437745752424
D_alt,constant,DOMV,0.015,0.055,0.18,54.536265359302206,0.09848612815118887,0.27712955602352496,16.5,-0.27712955602352496,0.0,-0.2458405176942864,-0.007890431086518157
D_alt,constant,cTCMV,0.015,0.055,0.18,54.536265359302206,0.014297579682777246,0.043284378453593786,13.5,-0.043284378453593786,0.0,-0.02169663933166399,-0.0043571035257010116
D_alt,constant,dTCMV,0.015,0.055,0.18,54.536265359302206,0.1042510607580431,0.20811921795909205,4.5,-0.20811921795909205,0.0,-0.1587685465654819,0.03762901945663988
r_low,constant,PCMV,0.005,0.055,0.18,0.0,0.2366636218745684,0.6391944277861739,39.5,-0.6391944277861739,0.0,-0.19493666640280372,-0.553947386461188
r_low,constant,DOMV,0.005,0.055,0.18,0.0,0.09553662272006852,0.2638906866945532,23.0,-0.2638906866945532,0.0,-0.2212876348032714,-0.044874692146170014
r_low,constant,cTCMV,0.005,0.055,0.18,0.0,0.02398568813930269,0.07009954102238058,15.5,-0.07009954102238058,0.0,-0.05390452062628226,-0.0033213524873796363
r_low,constant,dTCMV,0.005,0.055,0.18,0.0,0.04476413387658518,0.20776633011867895,3.5,-0.20776633011867895,0.0,0.026211320401336502,0.07106505570213506
r_high,constant,PCMV,0.025,0.055,0.18,0.0,0.13234884941558606,0.2257826801139935,15.5,-0.2257826801139935,0.0,-0.20845450811729294,-0.10434881546065833
r_high,constant,DOMV,0.025,0.055,0.18,0.0,0.08292002737439712,0.2647633196947785,8.5,-0.2647633196947785,0.0,-0.06525697460224777,-0.0002440089179984728
r_high,constant,cTCMV,0.025,0.055,0.18,0.0,0.010147634038793558,0.04841874630031984,7.0,-0.04841874630031984,0.0,0.009673419560940866,-0.004463587114023088
r_high,constant,dTCMV,0.025,0.055,0.18,0.0,0.03897538064168945,0.3545549664729216,1.5,-0.3545549664729216,0.0,0.02547644326009124,0.015926675477855756
mu_low,constant,PCMV,0.015,0.045,0.18,0.0,0.1407506637629368,0.23341433738881923,19.0,-0.23341433738881923,0.0,-0.22981800368375094,-0.140968270319057
mu_low,constant,DOMV,0.015,0.045,0.18,0.0,0.08942172650205278,0.24320334614935013,11.5,-0.24320334614935013,0.0,-0.1055698592488683,-0.00690995490346985
mu_low,constant,cTCMV,0.015,0.045,0.18,0.0,0.02346881018630135,0.10366279089168162,9.0,-0.10366279089168162,0.0,-0.014310439205281078,-0.00029190489820757337
mu_low,constant,dTCMV,0.015,0.045,0.18,0.0,0.030025141675109435,0.20211246375429448,3.5,-0.20211246375429448,0.0,0.00929288547772461,0.015354406005928634
mu_high,constant,PCMV,0.015,0.065,0.18,0.0,0.27791447990233326,0.6925386839762822,39.5,-0.6925386839762822,0.0,-0.2658012016112308,-0.606274755175823
mu_high,constant,DOMV,0.015,0.065,0.18,0.0,0.10270427269142539,0.2915547204280904,21.0,-0.2915547204280904,0.0,-0.2835889041449682,-0.017849137279100702
mu_high,constant,cTCMV,0.015,0.065,0.18,0.0,0.011863498964100458,0.031962942726890375,13.5,-0.031962942726890375,0.0,-0.02166083079935499,-0.0005122150093964106
mu_high,constant,dTCMV,0.015,0.065,0.18,0.0,0.04606321683317436,0.31617085680602347,2.5,-0.31617085680602347,0.0,0.05671441952769851,0.07765399534433781
sigma_low,constant,PCMV,0.015,0.055,0.14,0.0,0.2170135264359303,0.6126290856740634,39.5,-0.6126290856740634,0.0,-0.1702873951086209,-0.5196622336553699
sigma_low,constant,DOMV,0.015,0.055,0.14,0.0,0.08749165020317799,0.26654120562715333,25.5,-0.26654120562715333,0.0,-0.17514264713432792,-0.03934219967371888
sigma_low,constant,cTCMV,0.015,0.055,0.14,0.0,0.006164854027462105,0.022386609103287713,19.5,-0.022386609103287713,0.0,-0.018205125061423688,0.0034170006370636274
sigma_low,constant,dTCMV,0.015,0.055,0.14,0.0,0.08520370803300883,0.29540658764928557,4.5,0.29540658764928557,0.0,0.11292323991323999,0.10880584579527142
sigma_high,constant,PCMV,0.015,0.055,0.22,0.0,0.16449383693351952,0.26189763475558325,18.5,-0.26189763475558325,0.0,-0.25835612923690454,-0.16329982124617104
sigma_high,constant,DOMV,0.015,0.055,0.22,0.0,0.08819146693122835,0.2566335466913916,11.5,-0.2566335466913916,0.0,-0.12034196123397234,-0.008350418306932977
sigma_high,constant,cTCMV,0.015,0.055,0.22,0.0,0.02059354765027314,0.061936403764570214,9.0,-0.061936403764570214,0.0,-0.020483128228382552,-0.0014501605503141612
sigma_high,constant,dTCMV,0.015,0.055,0.22,0.0,0.029008235857296182,0.23855543353016828,3.0,-0.23855543353016828,0.0,0.008814813570575064,0.01479770025161975
contrib_constant,constant,PCMV,0.015,0.055,0.18,0.0,0.22648688917836218,0.38457357539005704,30.0,-0.38457357539005704,0.0,-0.31107939213506686,-0.3605693155951418
contrib_constant,constant,DOMV,0.015,0.055,0.18,0.0,0.09961890823518227,0.27555420355806437,17.0,-0.27555420355806437,0.0,-0.2480891591471598,-0.013949180531961564
contrib_constant,constant,cTCMV,0.015,0.055,0.18,0.0,0.01429757968277744,0.04328437845257338,13.5,-0.04328437845257338,0.0,-0.021696639331660106,-0.004357103525619133
contrib_constant,constant,dTCMV,0.015,0.055,0.18,0.0,0.03335583222010151,0.15244800527891644,2.5,-0.15244800527891644,0.0,0.034006076131788854,0.020876364701518768
contrib_linear,linear,PCMV,0.015,0.055,0.18,0.0,0.16347776151965707,0.43923309883112555,39.5,-0.43923309883112555,0.0,-0.09240421462262383,-0.42354656283903813
contrib_linear,linear,DOMV,0.015,0.055,0.18,0.0,0.06430728322940217,0.21199763684016104,24.0,-0.21199763684016104,0.0,-0.15617754734805622,-0.01676080398010571
contrib_linear,linear,cTCMV,0.015,0.055,0.18,0.0,0.0032130538939410583,0.011477440071091971,21.5,-0.011477440071091971,0.0,-0.006546291919700353,0.003756916111521902
contrib_linear,linear,dTCMV,0.015,0.055,0.18,0.0,0.02659172606110057,0.09072298229048359,38.5,0.09072298229048359,0.0,-0.035735536737392826,0.038516640649466916
contrib_quadratic,quadratic,PCMV,0.015,0.055,0.18,0.0,0.11683475327631232,0.4936632069343333,39.5,-0.4936632069343333,0.0,-0.00527004587881863,-0.4031572800005899
contrib_quadratic,quadratic,DOMV,0.015,0.055,0.18,0.0,0.04745962375010672,0.185601848845538,27.5,-0.185601848845538,0.0,-0.0475478945217942,-0.029669272592220852
contrib_quadratic,quadratic,cTCMV,0.015,0.055,0.18,0.0,0.005517633867388678,0.020434007418034028,28.5,-0.020434007418034028,0.0,-0.0005970282646217129,-0.0013341368126500441
contrib_quadratic,quadratic,dTCMV,0.015,0.055,0.18,0.0,0.01665326168820816,0.07019914797430216,21.0,-0.07019914797430216,0.0,-0.06422121894063249,0.030947505510398265
